"","Temperature","","","Dew Point","","","Humidity","","","Speed","","","Pressure","","Precip. Accum."
"Date","High","Avg","Low","High","Avg","Low","High","Avg","Low","High","Avg","Low","High","Low","Sum"
"1/1/2022","-7.3 °C","-12.4 °C","-18.1 °C","-7.7 °C","-12.9 °C","-18.9 °C","99 °%","96 °%","91 °%","--","--","--","1,001.82 °hPa","990.06 °hPa","--"
"1/2/2022","-3.4 °C","-4.8 °C","-13.4 °C","-3.5 °C","-4.9 °C","-14.0 °C","100 °%","100 °%","96 °%","--","--","--","993.91 °hPa","972.91 °hPa","--"
"1/3/2022","-2.6 °C","-4.2 °C","-5.9 °C","-2.6 °C","-4.2 °C","-5.9 °C","100 °%","100 °%","100 °%","--","--","--","972.81 °hPa","965.96 °hPa","--"
"1/4/2022","-2.1 °C","-4.0 °C","-5.6 °C","-2.1 °C","-4.1 °C","-5.6 °C","100 °%","100 °%","100 °%","--","--","--","965.86 °hPa","960.66 °hPa","--"
"1/5/2022","-5.6 °C","-8.9 °C","-10.8 °C","-5.6 °C","-9.2 °C","-11.4 °C","100 °%","97 °%","95 °%","--","--","--","979.56 °hPa","962.41 °hPa","--"
"1/6/2022","-10.1 °C","-13.4 °C","-17.7 °C","-10.4 °C","-13.9 °C","-18.9 °C","100 °%","96 °%","88 °%","--","--","--","988.41 °hPa","979.71 °hPa","--"
"1/7/2022","-14.9 °C","-21.3 °C","-26.3 °C","-15.3 °C","-22.3 °C","-27.6 °C","98 °%","92 °%","86 °%","--","--","--","993.81 °hPa","988.41 °hPa","--"
"1/8/2022","-8.1 °C","-15.9 °C","-23.4 °C","-8.2 °C","-16.5 °C","-24.4 °C","100 °%","95 °%","91 °%","--","--","--","993.56 °hPa","984.66 °hPa","--"
"1/9/2022","-8.0 °C","-8.4 °C","-9.0 °C","-8.1 °C","-8.4 °C","-9.2 °C","100 °%","99 °%","98 °%","--","--","--","1,001.61 °hPa","984.81 °hPa","--"
"1/10/2022","-3.3 °C","-9.1 °C","-13.1 °C","-3.7 °C","-9.4 °C","-13.6 °C","100 °%","98 °%","96 °%","--","--","--","1,008.57 °hPa","1,001.66 °hPa","--"
"1/11/2022","0.2 °C","-1.4 °C","-3.3 °C","0.0 °C","-1.6 °C","-3.7 °C","100 °%","98 °%","96 °%","--","--","--","1,005.87 °hPa","998.71 °hPa","--"
"1/12/2022","7.0 °C","0.3 °C","-3.7 °C","3.7 °C","-0.7 °C","-3.7 °C","100 °%","93 °%","79 °%","--","--","--","998.86 °hPa","978.11 °hPa","--"
"1/13/2022","7.0 °C","2.7 °C","0.2 °C","4.5 °C","1.8 °C","-2.1 °C","100 °%","94 °%","79 °%","--","--","--","980.51 °hPa","973.36 °hPa","--"
"1/14/2022","2.1 °C","0.9 °C","-0.6 °C","-1.4 °C","-2.7 °C","-4.1 °C","94 °%","77 °%","71 °%","--","--","--","993.66 °hPa","973.46 °hPa","--"
"1/15/2022","0.4 °C","-0.5 °C","-1.6 °C","-1.7 °C","-3.4 °C","-5.0 °C","89 °%","81 °%","73 °%","--","--","--","996.66 °hPa","984.61 °hPa","--"
"1/16/2022","3.3 °C","-0.4 °C","-2.6 °C","-0.9 °C","-3.4 °C","-6.1 °C","100 °%","81 °%","61 °%","--","--","--","984.36 °hPa","957.66 °hPa","--"
"1/17/2022","-2.0 °C","-4.0 °C","-7.4 °C","-2.9 °C","-5.3 °C","-8.3 °C","99 °%","91 °%","84 °%","--","--","--","999.16 °hPa","962.91 °hPa","--"
"1/18/2022","5.2 °C","0.3 °C","-4.5 °C","2.3 °C","-1.5 °C","-6.0 °C","97 °%","88 °%","78 °%","--","--","--","999.76 °hPa","986.96 °hPa","--"
"1/19/2022","6.5 °C","3.4 °C","-2.3 °C","2.0 °C","-1.6 °C","-8.3 °C","86 °%","70 °%","60 °%","--","--","--","986.86 °hPa","967.06 °hPa","--"
"1/20/2022","-1.2 °C","-3.1 °C","-4.7 °C","-5.8 °C","-8.2 °C","-10.7 °C","77 °%","68 °%","58 °%","--","--","--","990.36 °hPa","971.91 °hPa","--"
"1/21/2022","-3.3 °C","-6.8 °C","-13.5 °C","-7.8 °C","-10.0 °C","-14.1 °C","98 °%","78 °%","69 °%","--","--","--","1,003.62 °hPa","990.46 °hPa","--"
"1/22/2022","0.1 °C","-6.7 °C","-13.6 °C","-0.2 °C","-7.2 °C","-14.4 °C","100 °%","96 °%","90 °%","--","--","--","1,003.47 °hPa","996.06 °hPa","--"
"1/23/2022","6.2 °C","2.5 °C","-0.1 °C","2.6 °C","0.8 °C","-1.3 °C","98 °%","89 °%","73 °%","--","--","--","998.11 °hPa","993.26 °hPa","--"
"1/24/2022","5.2 °C","1.4 °C","-2.0 °C","0.3 °C","-2.2 °C","-4.6 °C","95 °%","78 °%","62 °%","--","--","--","994.81 °hPa","987.71 °hPa","--"
"1/25/2022","0.0 °C","-2.2 °C","-4.1 °C","-3.8 °C","-5.3 °C","-6.4 °C","87 °%","80 °%","69 °%","--","--","--","1,001.32 °hPa","993.66 °hPa","--"
"1/26/2022","0.3 °C","-2.6 °C","-4.8 °C","-1.7 °C","-3.9 °C","-6.2 °C","96 °%","90 °%","80 °%","--","--","--","993.36 °hPa","977.06 °hPa","--"
"1/27/2022","-1.4 °C","-3.9 °C","-5.5 °C","-2.6 °C","-4.2 °C","-6.1 °C","100 °%","98 °%","91 °%","--","--","--","981.01 °hPa","971.36 °hPa","--"
"1/28/2022","-1.5 °C","-2.9 °C","-5.6 °C","-2.5 °C","-5.7 °C","-7.4 °C","100 °%","82 °%","66 °%","--","--","--","993.21 °hPa","981.06 °hPa","--"
"1/29/2022","-0.3 °C","-1.7 °C","-2.9 °C","-0.6 °C","-3.0 °C","-5.8 °C","100 °%","91 °%","76 °%","--","--","--","982.26 °hPa","953.11 °hPa","--"
"1/30/2022","-3.0 °C","-5.3 °C","-8.2 °C","-3.1 °C","-6.0 °C","-8.5 °C","99 °%","95 °%","88 °%","--","--","--","986.66 °hPa","960.26 °hPa","--"
"1/31/2022","-6.1 °C","-11.3 °C","-17.9 °C","-6.3 °C","-11.8 °C","-18.8 °C","100 °%","96 °%","87 °%","--","--","--","989.36 °hPa","986.46 °hPa","--"